{"cameraMode":{"drawMode":0,"name":"Shaded","section":"Shading Mode"},"sceneLighting":true,"audioPlay":false,"sceneViewState":{"m_AlwaysRefresh":false,"showFog":true,"showSkybox":true,"showFlares":true,"showImageEffects":true,"showParticleSystems":true,"showVisualEffectGraphs":true,"m_FxEnabled":true},"in2DMode":false,"pivot":{"x":3.841040849685669,"y":7.481849670410156,"z":9.366085052490235},"rotation":{"x":-0.048276256769895557,"y":0.0245659239590168,"z":-0.001187531161122024,"w":-0.9985319375991821},"size":14.749811172485352,"orthographic":false}